"","Sum Sq","Mean Sq","NumDF","DenDF","F value","Pr(>F)"
"redData$age_y",0.53630262983483,0.53630262983483,1,1009.00000000577,18.2001129458194,2.17566137376801e-05
"redData$feed_group",0.0364960260631784,0.0182480130315892,2,1009.00000000125,0.619269568590392,0.538541992352684
"redData$genetic_group",0.0365025355896364,0.0365025355896364,1,1009.00000000318,1.2387600462537,0.265975240510338
"as.factor(redData$sample_year)",0.557296247892526,0.111459249578505,5,1008.99999981734,3.782511623726,0.00212549875082063
"as.numeric(paste(redData$sample_interval))",0.00114994143606164,0.00114994143606164,1,1009.00000000322,0.0390247275569864,0.843439471164627
