"","Sum Sq","Mean Sq","NumDF","DenDF","F value","Pr(>F)"
"long_dat$age_y",0.0757624389458166,0.0757624389458166,1,1001.9999999716,2.56569227062587,0.109519930601538
"long_dat$feed_group",0.0146541260266383,0.00732706301331915,2,1001.99999997668,0.248130725478706,0.780305866368156
"long_dat$genetic_group",0.0236943834442407,0.0236943834442407,1,1001.99999997096,0.802409443333937,0.370589101404229
"as.factor(long_dat$birth_year)",0.128773779263322,0.0214622965438871,6,1001.9999999617,0.726819900715089,0.628063402475687
"as.factor(long_dat$sample_year)",0.312340032738822,0.0780850081847055,4,1001.99999994449,2.64434599438564,0.0323531755311232
"as.numeric(paste(long_dat$sample_interval))",7.2087505390323e-05,7.2087505390323e-05,1,1001.99999997413,0.00244124077791275,0.96060327126585
"long_dat$health_event_2week",0.0153508077149291,0.0153508077149291,1,1001.99999996811,0.519854551280021,0.471071917480121
