"","Sum Sq","Mean Sq","NumDF","DenDF","F value","Pr(>F)"
"redData$AgeGroup",0.4450279265027,0.4450279265027,1,1008.99999998786,15.0563681537531,0.000111117624890407
"redData$feed_group",0.0396461995353452,0.0198230997676726,2,1008.99999998045,0.67066327813665,0.511597090899995
"redData$genetic_group",0.0565580258677174,0.0565580258677174,1,1008.99999999101,1.91349443214926,0.166881593118984
"as.factor(redData$sample_year)",0.8993526680649,0.17987053361298,5,1009.00000002503,6.08545399694737,1.46026609694622e-05
"as.numeric(paste(redData$sample_interval))",0.0468418704648182,0.0468418704648182,1,1008.99999997876,1.58477345965937,0.208365625655891
