"","Sum Sq","Mean Sq","NumDF","DenDF","F value","Pr(>F)"
"redData$age_y",1.23428734737975,1.23428734737975,1,1011.99999996855,41.5544493472254,1.77132303477056e-10
"redData$feed_group",0.0330406148327657,0.0165203074163829,2,1011.99999997118,0.556185137271333,0.573567479199936
"redData$genetic_group",0.0354899533952723,0.0354899533952723,1,1011.99999995726,1.19483155509128,0.274617264203529
"as.numeric(paste(redData$sample_interval))",0.00128350182657619,0.00128350182657619,1,1011.99999997268,0.0432113411457681,0.835369661270328
"redData$mean_rain_Q2",0.124970882421408,0.124970882421408,1,1011.9999999752,4.20736404248395,0.0405058537676464
