"","Sum Sq","Mean Sq","NumDF","DenDF","F value","Pr(>F)"
"redData$age_y",0.0757624389458257,0.0757624389458257,1,1001.99999997121,2.56569227062618,0.109519930601516
"redData$feed_group",0.0146541260266393,0.00732706301331963,2,1001.99999997183,0.248130725478722,0.780305866368144
"redData$genetic_group",0.0236943834442415,0.0236943834442415,1,1001.99999997045,0.802409443333964,0.370589101404221
"as.factor(redData$birth_year)",0.12877377926332,0.0214622965438867,6,1001.99999997139,0.726819900715077,0.628063402475696
"as.factor(redData$sample_year)",0.427488142326309,0.0854976284652617,5,1001.99999990285,2.89537411364285,0.0132870273964118
"as.numeric(paste(redData$sample_interval))",7.20875053901087e-05,7.20875053901087e-05,1,1001.99999996689,0.00244124077790549,0.960603271265909
"redData$health_event_2week",0.0153508077149295,0.0153508077149295,1,1001.99999996772,0.519854551280036,0.471071917480115
